authorName,numPaper,numReviews,numAcceptedReviews,numRejectedReviews
Nikil D. Dutt,31,1,1,0
Haoxing Ren,15,1,1,0
Xunzhao Yin,11,1,1,0
Linlin Ge,10,1,1,0
Xiaoxiang Zhu 0001,9,1,0,1
Dominik Stoffel,9,1,1,0
Jeffrey Piepmeier,8,1,1,0
Rafael F. Rincon,8,1,1,0
Stefan W. Dech,8,1,1,0
Nico Adam,8,1,1,0
Kenli Li 0001,8,1,1,0
Dimitrios Soudris,8,1,1,0
Jin Yang 0006,8,1,1,0
Wei Wang,7,1,0,1
Antonio Natale,7,1,0,1
Peter Marwedel,7,1,1,0
Bo Zhong,6,1,0,1
Mauro Mariotti d'Alessandro,5,1,1,0
Ming Li,5,1,1,0
Xiaotao Li,5,1,1,0
Hongyan Zhang 0001,5,1,1,0
Charles C. Chiang,5,1,1,0
Srinivasan Murali,5,1,1,0
Edwin Kinnen,5,1,1,0
Ibrahim M. Elfadel,5,1,0,1
Mark W. James,4,1,1,0
Nida Sakar,4,1,0,1
Yin Zhuang,4,1,1,0
Yongchao Tian,4,1,1,0
Fengmin Wu,4,1,1,0
José Darrozes,4,1,0,1
Ivan Pippi,4,1,1,0
Martino Pesaresi,4,1,1,0
Ki-Wook Kim,4,1,1,0
Guoqi Xie,4,1,1,0
Mohammad Rahmani Fadiheh,4,2,1,1
Chao Zhang 0008,4,1,1,0
Preeti Ranjan Panda,4,1,1,0
Lubomyr M. Zobniw,4,1,0,1
Philippe Salembier,4,1,0,1
Raj Kumar,3,1,0,1
Juan C. Jiménez-Muñoz,3,1,1,0
Takeshi Masaki,3,1,1,0
Mattia Stasolla,3,1,1,0
Ran Wei,3,1,1,0
Kader A. R. Fellah,3,1,1,0
Anne H. Schistad Solberg,3,1,1,0
Sergio Ruggieri,3,1,1,0
Zhigang Liu 0013,3,1,0,1
Karl Staenz,3,1,1,0
Irmgard Niemeyer,3,1,1,0
Yansheng Dong,3,1,0,1
Li Zhu,3,1,0,1
Klaus I. Itten,3,1,1,0
Jinfeng Hu,3,1,1,0
Kacem Chehdi,3,1,1,0
Qingwen Qi,3,1,0,1
Risheng Huang,3,1,1,0
Donald O. Pederson,3,1,1,0
Chantal Ykman-Couvreur,3,1,1,0
Sumit Gupta,3,1,1,0
Vineeth Veetil,3,1,0,1
Noboru Okuda,3,1,1,0
Prabhakar Goel,3,1,1,0
Sambuddha Bhattacharya,3,1,1,0
Yingying Dong,2,1,0,1
Vineet Kumar 0004,2,1,1,0
Jennifer Lacey,2,1,1,0
Maria T. Chiaradia,2,1,0,1
Stanley R. Rotman,2,1,0,1
Tao Zhang 0065,2,1,1,0
Renzo Bechini,2,1,1,0
Michael Choi,2,1,1,0
Zhifang Wang,2,1,0,1
Laura E. Ray,2,1,1,0
Xiaofeng Zhao,2,1,1,0
Alexey Terekhov,2,1,0,1
Jiawei Wang,2,1,1,0
Aldino Rizaldy,2,1,0,1
Liming Lu,2,1,1,0
Xiaohui Huang 0002,2,1,0,1
Rüdiger Haas,2,1,1,0
Jong-Kuk Choi,2,1,0,1
James Theiler,2,1,0,1
Archana Kannan,2,1,0,1
Galen Richardson,2,1,1,0
Jamila Beckheinrich,2,1,1,0
Jörgen Ahlberg,2,1,0,1
Danhui Zhou,2,1,1,0
Song Liu,2,1,1,0
Teerasit Kasetkasem,2,1,1,0
Chiara Aquino,2,1,0,1
He Huang 0009,2,1,1,0
Jenia Jitsev,2,1,0,1
Songde Ma,2,1,1,0
Luigi Boschetti,2,1,1,0
Kenji Nakamura 0001,2,1,1,0
Wei Qu,2,1,1,0
Lancheng Zou,2,1,1,0
Karl S. Brace,2,1,1,0
Jun-Jie Wang,2,1,1,0
Atefeh Sohrabizadeh,2,1,1,0
Peng Li 0031,2,1,1,0
Jiaqi Yang,2,1,1,0
Yifang Liu,2,1,1,0
Andrei Hagiescu,2,1,1,0
Andres Torres,2,1,0,1
Alex Nicolau,2,1,1,0
Raj Gautam Dutta,2,1,0,1
Fei Sun,2,1,1,0
C. Thomas Glover,2,1,1,0
Alejandro Masrur,2,1,1,0
Lov K. Grover,2,1,1,0
Wendell E. Cory,2,1,1,0
Zhanhong Tan,2,1,1,0
Qingqiang He,2,1,1,0
Jieyi Long,2,1,0,1
Manaar Alam,2,1,0,1
Jiachen Mao,2,1,1,0
John Paul Strachan,2,1,1,0
Xiaolei Zhao,2,1,1,0
Hansruedi Heeb,2,1,0,1
Aggelos Ferikoglou,2,1,1,0
Reiji Toyoshima,2,1,1,0
Lin Zhang 0039,2,1,0,1
Peiquan Jin,2,1,0,1
Jeffrey R. Chen,2,1,0,1
Dianne Robinson,2,1,1,0
José Stech,1,1,1,0
Sylvain Abdon,1,1,1,0
Chiyuki Narama,1,1,1,0
Koyuru Iwanami,1,1,1,0
Maki Kikuchi,1,1,0,1
Yinsheng Yang,1,1,1,0
Jean-Paul Parisot,1,1,1,0
Chris Bridges 0001,1,1,1,0
Emma Sandström,1,1,0,1
Janet M. Anstee,1,1,1,0
Màrius Monton,1,1,1,0
Pim Kuus,1,1,0,1
Jan I. H. Askne,1,1,0,1
Iskander Benhadj,1,1,1,0
Mayu Sugawara,1,1,1,0
Siegfried Schmuck,1,1,1,0
Yutaka Kaneko,1,1,0,1
Patrick Leinenkugel,1,1,1,0
Shuchang Lyu,1,1,1,0
Vikas Dugesar,1,1,0,1
Jialin Tao,1,1,1,0
Claire Dashwood,1,1,1,0
Carl H. Fischer,1,1,1,0
Gunnar Stenström,1,1,0,1
Stéphane Ruy,1,1,0,1
Aníbal Gusso,1,1,1,0
Saif Dawood Salman Al-Shaikhli,1,1,1,0
Xin Liu 0081,1,1,1,0
Shien-Ta Fan,1,1,1,0
Zhihui Suo,1,1,0,1
Melissa Meying Martin,1,1,1,0
Nicholas Walsworth,1,1,1,0
Yan Song,1,1,1,0
Forrest G. Hall,1,1,1,0
Cédric Véga,1,1,1,0
Taichu Tanaka,1,1,1,0
Jeremy Shive,1,1,1,0
Weidong Hu,1,1,1,0
Georgios Tsimiklis,1,1,1,0
Yaohai Dong,1,1,0,1
Mastoureh Yousefi,1,1,0,1
Annalisa Della Corte,1,1,1,0
James Gallagher,1,1,1,0
David R. Landis,1,1,1,0
Tainá Thomassim Guimarães,1,1,0,1
Ni Wang,1,1,1,0
Errico Armandillo,1,1,1,0
David E. Knapp,1,1,0,1
Narendra Babu Tatini,1,1,0,1
Seunghyun Kong,1,1,0,1
Carter Kelly,1,1,1,0
Qiang Lu,1,1,1,0
Olaf Peters,1,1,0,1
Bob Sleep,1,1,1,0
Man-Chun Chu,1,1,0,1
Peth Laupattarakasem,1,1,1,0
Zhicheng Huang,1,1,1,0
Zijing Zhang,1,1,1,0
Yonghui Han,1,1,1,0
Simbarashe Jombo,1,2,1,1
Didier Tanré,1,1,0,1
Flavia Lenti,1,1,1,0
Marcos Resende,1,1,1,0
Xunying Wu,1,1,0,1
Luis Peraza,1,1,1,0
Aleksander Madajczak,1,1,0,1
Wenzhao Liu,1,1,0,1
Mengling Liu,1,1,1,0
Hui Yin,1,1,1,0
Daoxiang An,1,1,0,1
Luc Courtrai,1,1,0,1
Ralph Girard,1,1,1,0
Raul Ortega-Perez,1,1,1,0
Steffen Gebhardt,1,1,0,1
Shuyi Xu,1,1,0,1
Yao Peng 0001,1,1,1,0
Keqi Zhang,1,1,1,0
Yassine El Mendili,1,1,0,1
Roberto Cotero-Manzo,1,1,0,1
Mingming Liu,1,1,1,0
Xuesheng Zhao,1,1,0,1
Di Dong,1,1,0,1
Ming-Hon Hwang,1,1,1,0
Wlodek Kofman,1,1,1,0
Chenyao Kang,1,1,1,0
Shuang Li 0001,1,1,0,1
Peter T. Fretwell,1,1,1,0
Edward J. Delp,1,1,0,1
Enric Santanach,1,1,1,0
S. N. Omkar 0001,1,1,0,1
Yuying Zhang,1,1,1,0
Lele Liu,1,1,1,0
Mark S. Kulie,1,1,0,1
Huayu Li,1,1,1,0
Kasturi Devi Kanniah,1,1,1,0
Zejun Zuo,1,1,1,0
Roderik Koenders,1,1,1,0
Weibo Deng,1,1,0,1
Jiju Peethambaran,1,1,0,1
Ichiro Matsui,1,1,0,1
Yasuhiro Sasano,1,1,1,0
Wanqing Li 0002,1,1,1,0
David Bonanno,1,1,0,1
Cheng Wang 0006,1,1,1,0
Stephen English,1,1,1,0
Alexander Jenal,1,1,1,0
Chongyu Wang,1,1,0,1
Shusong Huang,1,1,0,1
Hugo Carrão,1,1,1,0
Mauro Massari,1,1,1,0
Yuki Takakura,1,1,1,0
Xiao Wang 0006,1,1,0,1
Xinying Shi,1,1,1,0
Johannes H. Uhl,1,1,1,0
Eric Truslow,1,1,1,0
Franca Disabato,1,1,1,0
Robert A. Shuchman,1,1,0,1
K. Ono,1,1,1,0
Shiyuan Huang,1,1,0,1
Wenlong Wei,1,1,1,0
Sanmitra Banerjee,1,1,1,0
Szu-Ru Nie,1,1,0,1
Kamal S. Khouri,1,1,0,1
Paul E. Hasler,1,1,1,0
Gary Miller,1,1,0,1
Zeye Liu 0001,1,1,0,1
Nico Bannow,1,1,1,0
Biwei Xie,1,1,1,0
Daohang Shi,1,1,1,0
Rean Griffith,1,1,1,0
Metha Jeeradit,1,1,0,1
Wenhong Ma,1,1,1,0
M. T. Trick,1,1,0,1
Sami Yehia,1,1,1,0
Jeroen P. G. van Dijk,1,1,1,0
Yueyin Bai,1,1,1,0
Robert L. Boyd,1,1,1,0
Shugao Ma,1,1,0,1
George Sery,1,1,1,0
Amir M. Rahmani,1,1,1,0
Tianheng Tu,1,1,0,1
Yu-Ming Huang,1,1,1,0
Takashi Ishioka,1,1,0,1
Lide Zhang,1,1,1,0
Shinichi Yasuda,1,1,1,0
Panos K. Chrysanthis,1,1,1,0
Travis Meade,1,1,1,0
Sai Kiran Cherupally,1,1,1,0
Jialin Song,1,1,1,0
Alex Bendrick,1,1,1,0
William Bryson,1,1,1,0
Raymond R. Hoare,1,1,0,1
Andrew H. Chan,1,1,0,1
Jinyu Bai,1,1,1,0
Kiran Gonsalves,1,1,0,1
Ivan Blunno,1,1,1,0
Hanno Lieske,1,1,0,1
Thorsten Adler,1,1,1,0
Jim Jasmin,1,1,1,0
Gokul Krishnan,1,1,1,0
Mohammad Hadi Moshrefpour,1,1,1,0
Bo Liu 0019,1,1,0,1
Marleen Adé,1,1,1,0
Guodong Yin,1,1,1,0
Hajime Kanada,1,1,1,0
Kyoung Park,1,1,1,0
Jack Hutchins,1,1,1,0
Dragos Lungeanu,1,1,1,0
Yongbo Yu,1,1,1,0
Chien-Heng Wong,1,1,0,1
Hakduran Koc,1,1,0,1
John Carson,1,1,0,1
Seraj Ahmad,1,1,1,0
Jun Sung Kim,1,1,1,0
Ke Xu 0011,1,1,1,0
Chester Liu,1,1,1,0
Eva L. Dyer,1,1,0,1
Walter C. Dietrich Jr.,1,1,1,0
Yuh-Fang Tsai,1,1,1,0
Li-Ming Denq,1,1,0,1
Hsuan-Jung Hsu,1,1,0,1
Jun Han 0003,1,1,0,1
Pixian Zhan,1,1,0,1
Tony M. Carter,1,1,1,0
Xingjie Zhou,1,1,1,0
Stephan Günnemann,1,1,1,0
Micheal Schwander,1,1,1,0
Mohammad M. Mojarradi,1,1,1,0
Alexander M. Rush,1,1,0,1
Luca Buratti,1,1,0,1
Sivakumar Velusamy,1,1,1,0
Farrukh Yasin,1,1,1,0
Nimish Radia,1,1,1,0
Jian-Wei Su,1,1,1,0
Seongmin Hong,1,1,1,0
Jianfeng Luo,1,1,0,1
Y. Ikemoto,1,1,0,1
A. D. Close,1,1,1,0
Toshifumi Ishii,1,1,1,0
Kofi Otseidu,1,1,0,1
Young Ik Eom,1,1,0,1
Zhe Wang 0003,1,1,1,0
Xudong Zhang,1,1,1,0
Jean-Claude Ballegeer,1,1,0,1
Phuoc Pham,1,1,1,0
Rong Jiang 0002,1,1,0,1
J. K. Morrell,1,1,1,0
Carl Nygaard,1,1,1,0
Braden Phillips,1,1,1,0
Piotr Koziol,1,1,1,0
Sudipta Chattopadhyay 0001,1,1,1,0
Jiaqi Zhou,1,1,1,0
Johan Verhasselt,1,1,0,1
Ayesha Khalid,1,1,0,1
Thomas Schlichter,1,1,1,0
Nathan Dohm,1,1,1,0
Erik Damm,1,1,0,1
Jongwoo Ra,1,1,1,0
Jerry Bauer,1,1,0,1
Alain Pegatoquet,1,1,1,0
Mukesh Sharma,1,1,1,0
Edwin H. Porter,1,1,0,1
Jian Zhang 0020,1,1,0,1
Ed Younis,1,1,1,0
K. Chow,1,1,1,0
Francesco Lertora,1,1,1,0
David Heacock,1,1,1,0
Eileen B. Perez,1,1,1,0
Gianfranco Ciardo,1,1,1,0
Daniel Foty,1,1,1,0
Islamshah Amlani,1,1,1,0
Franz Fink,1,1,1,0
Sanjiang Li,1,1,1,0
Hosaker N. Mahabala,1,1,0,1
Reza Hajisheykhi,1,1,0,1
Dingsheng Liu,1,1,0,1
Sameer R. Sonkusale,1,1,1,0
Arkadiusz Nowaczynski,1,1,1,0
Bertrand T. David,1,1,0,1
Qiuyang Wu,1,1,1,0
Zhaoyang Huang,1,1,1,0
John W. Lockwood,1,1,1,0
Shuang Yan,1,1,1,0
D. J. Gilbert,1,1,0,1
D. J. Ellenberger,1,1,1,0
Sean Hansen,1,1,1,0
Simon J. Devitt,1,1,1,0
Hiroshi Sawada,1,1,1,0
Byungsub Kim,1,1,0,1
Tom Marshburn,1,1,1,0
Kit Tham,1,1,0,1
P. Anirudhan,1,1,0,1
Gerald F. Rabideau,1,1,1,0
Sandy Liles,1,1,1,0
Cynthia Chen,1,1,0,1
Heiko Nielen,1,1,0,1
Paul Blunt,1,1,1,0
Mario A. Acuña,1,1,1,0
Changzuo Wang,1,1,1,0
Lisbeth T. Nielsen,1,1,1,0
Mohammad M. Al-Khaldi,1,1,1,0
Pietro Serio,1,1,1,0
Jared Herweg,1,1,1,0
Clementine Costes,1,1,1,0
Daniel Murdin,1,1,0,1
Paolo Focardi,1,1,1,0
Haobo Wu,1,1,1,0
Jonathan Orazietti,1,1,0,1
Xiufen Yu,1,1,1,0
D. Ridley,1,1,0,1
E. Zambianchi,1,1,1,0
Fernando P. Marson,1,1,1,0
Erhan Alparslan,1,1,1,0
Jaco Kemp,1,1,0,1
Seo-Woo Park,1,1,0,1
Fengkai Lang,1,1,0,1
Marko Repse,1,1,1,0
Shay Strong,1,1,1,0
Zhigang Liu,1,1,1,0
Qichao Liu,1,1,1,0
Mai Sasaki,1,1,1,0
Sun-Gu Lee,1,1,0,1
Musiake Katumi,1,1,0,1
Jung-Moon Yoo,1,1,0,1
Jean-Pierre Chaboureau,1,1,1,0
Rocio Redondo,1,1,1,0
Anqi Gao,1,1,0,1
Elizaveta V. Zabolotskikh,1,1,1,0
Luc Baudoux,1,1,1,0
Qiong Ran,1,1,0,1
Alberto G. Fairén,1,1,1,0
Ihsen Hedhli,1,1,1,0
Mariel Triganese,1,1,1,0
Fiona Cawkwell,1,1,1,0
Toshio Wakayama,1,1,1,0
Latheef A. Shaik,1,1,1,0
Weng Cho Chew,1,1,1,0
Zhumeia Liu,1,1,1,0
Ali Rouzbeh Kargar,1,1,1,0
Jiguo Qiao,1,1,1,0
Xiaoqi Lu,1,1,1,0
Rasmus Fenger-Nielsen,1,1,1,0
David H. O. Bebbington,1,1,1,0
Sandra Heleno,1,1,1,0
Veronica Wairimu Muriga,1,1,1,0
Charalampos Haris Kontoes,1,1,1,0
Mikhail Cherniakov,1,1,1,0
Andrey Bicalho Santos,1,1,1,0
John P. Merryman Boncori,1,1,1,0
Boris S. Yurchak,1,1,1,0
Jean-François Paillotin,1,1,0,1
S. Koeppe,1,1,0,1
Martin Grajcar,1,1,0,1
Kenneth Preiss,1,1,0,1
M. T. Smith,1,1,1,0
