paper,label,eventType,eventName,year
http://example.org/academic#Paper_91768,Machine Learning,http://example.org/academic#Conference,igarss,2024
http://example.org/academic#Paper_91738,Graph Neural Networks,http://example.org/academic#Conference,igarss,2024
http://example.org/academic#Paper_74646,Machine Learning,http://example.org/academic#Workshop,dac,2024
http://example.org/academic#Paper_80192,Machine Learning,http://example.org/academic#Workshop,dac,2024
http://example.org/academic#Paper_80952,Machine Learning,http://example.org/academic#Workshop,dac,2024
http://example.org/academic#Paper_84360,Machine Learning,http://example.org/academic#Workshop,dac,2024
http://example.org/academic#Paper_77039,Machine Learning,http://example.org/academic#Workshop,dac,2024
http://example.org/academic#Paper_90681,Machine Learning,http://example.org/academic#Workshop,dac,2024
http://example.org/academic#Paper_78815,Machine Learning,http://example.org/academic#Workshop,dac,2024
http://example.org/academic#Paper_71340,Machine Learning,http://example.org/academic#Workshop,dac,2024
http://example.org/academic#Paper_88834,Machine Learning,http://example.org/academic#Workshop,dac,2024
http://example.org/academic#Paper_69062,Machine Learning,http://example.org/academic#Workshop,dac,2024
http://example.org/academic#Paper_87931,Machine Learning,http://example.org/academic#Workshop,dac,2024
http://example.org/academic#Paper_79241,Machine Learning,http://example.org/academic#Workshop,dac,2024
http://example.org/academic#Paper_90793,Machine Learning,http://example.org/academic#Workshop,dac,2024
http://example.org/academic#Paper_77087,Machine Learning,http://example.org/academic#Workshop,dac,2024
http://example.org/academic#Paper_78132,Machine Learning,http://example.org/academic#Workshop,dac,2024
http://example.org/academic#Paper_90691,Machine Learning,http://example.org/academic#Workshop,dac,2024
http://example.org/academic#Paper_90570,Machine Learning,http://example.org/academic#Workshop,dac,2024
http://example.org/academic#Paper_86419,Graph Neural Networks,http://example.org/academic#Workshop,dac,2024
http://example.org/academic#Paper_89469,Graph Neural Networks,http://example.org/academic#Workshop,dac,2024
http://example.org/academic#Paper_68981,Graph Neural Networks,http://example.org/academic#Workshop,dac,2024
http://example.org/academic#Paper_89010,Graph Neural Networks,http://example.org/academic#Workshop,dac,2024
http://example.org/academic#Paper_70081,Graph Neural Networks,http://example.org/academic#Workshop,dac,2024
http://example.org/academic#Paper_86657,Graph Neural Networks,http://example.org/academic#Workshop,dac,2024
http://example.org/academic#Paper_90443,Graph Neural Networks,http://example.org/academic#Workshop,dac,2024
http://example.org/academic#Paper_72029,Graph Neural Networks,http://example.org/academic#Workshop,dac,2024
http://example.org/academic#Paper_80354,Graph Neural Networks,http://example.org/academic#Workshop,dac,2024
http://example.org/academic#Paper_84696,Graph Neural Networks,http://example.org/academic#Workshop,dac,2024
http://example.org/academic#Paper_90667,Graph Neural Networks,http://example.org/academic#Workshop,dac,2024
http://example.org/academic#Paper_74659,Graph Neural Networks,http://example.org/academic#Workshop,dac,2024
http://example.org/academic#Paper_91955,Machine Learning,http://example.org/academic#Conference,igarss,2023
http://example.org/academic#Paper_91754,Graph Neural Networks,http://example.org/academic#Conference,igarss,2023
http://example.org/academic#Paper_92417,Graph Neural Networks,http://example.org/academic#Conference,igarss,2023
http://example.org/academic#Paper_79806,Machine Learning,http://example.org/academic#Workshop,dac,2023
http://example.org/academic#Paper_77689,Machine Learning,http://example.org/academic#Workshop,dac,2023
http://example.org/academic#Paper_69637,Machine Learning,http://example.org/academic#Workshop,dac,2023
http://example.org/academic#Paper_76982,Machine Learning,http://example.org/academic#Workshop,dac,2023
http://example.org/academic#Paper_90886,Machine Learning,http://example.org/academic#Workshop,dac,2023
http://example.org/academic#Paper_88345,Machine Learning,http://example.org/academic#Workshop,dac,2023
http://example.org/academic#Paper_85978,Machine Learning,http://example.org/academic#Workshop,dac,2023
http://example.org/academic#Paper_74891,Machine Learning,http://example.org/academic#Workshop,dac,2023
http://example.org/academic#Paper_82369,Machine Learning,http://example.org/academic#Workshop,dac,2023
http://example.org/academic#Paper_88668,Machine Learning,http://example.org/academic#Workshop,dac,2023
http://example.org/academic#Paper_79488,Machine Learning,http://example.org/academic#Workshop,dac,2023
http://example.org/academic#Paper_72142,Machine Learning,http://example.org/academic#Workshop,dac,2023
http://example.org/academic#Paper_74195,Machine Learning,http://example.org/academic#Workshop,dac,2023
http://example.org/academic#Paper_82668,Machine Learning,http://example.org/academic#Workshop,dac,2023
http://example.org/academic#Paper_88912,Machine Learning,http://example.org/academic#Workshop,dac,2023
http://example.org/academic#Paper_76435,Graph Neural Networks,http://example.org/academic#Workshop,dac,2023
http://example.org/academic#Paper_80568,Graph Neural Networks,http://example.org/academic#Workshop,dac,2023
http://example.org/academic#Paper_77413,Graph Neural Networks,http://example.org/academic#Workshop,dac,2023
http://example.org/academic#Paper_87583,Graph Neural Networks,http://example.org/academic#Workshop,dac,2023
http://example.org/academic#Paper_89386,Graph Neural Networks,http://example.org/academic#Workshop,dac,2023
http://example.org/academic#Paper_69919,Graph Neural Networks,http://example.org/academic#Workshop,dac,2023
http://example.org/academic#Paper_69037,Graph Neural Networks,http://example.org/academic#Workshop,dac,2023
http://example.org/academic#Paper_84490,Graph Neural Networks,http://example.org/academic#Workshop,dac,2023
http://example.org/academic#Paper_74361,Graph Neural Networks,http://example.org/academic#Workshop,dac,2023
http://example.org/academic#Paper_91237,Graph Neural Networks,http://example.org/academic#Workshop,dac,2023
http://example.org/academic#Paper_86453,Graph Neural Networks,http://example.org/academic#Workshop,dac,2023
http://example.org/academic#Paper_72005,Graph Neural Networks,http://example.org/academic#Workshop,dac,2023
http://example.org/academic#Paper_90554,Graph Neural Networks,http://example.org/academic#Workshop,dac,2023
http://example.org/academic#Paper_79961,Graph Neural Networks,http://example.org/academic#Workshop,dac,2023
http://example.org/academic#Paper_84592,Graph Neural Networks,http://example.org/academic#Workshop,dac,2023
http://example.org/academic#Paper_83559,Graph Neural Networks,http://example.org/academic#Workshop,dac,2023
http://example.org/academic#Paper_80223,Graph Neural Networks,http://example.org/academic#Workshop,dac,2023
http://example.org/academic#Paper_83838,Graph Neural Networks,http://example.org/academic#Workshop,dac,2023
http://example.org/academic#Paper_72758,Machine Learning,http://example.org/academic#Workshop,dac,2022
http://example.org/academic#Paper_67007,Machine Learning,http://example.org/academic#Workshop,dac,2022
http://example.org/academic#Paper_81305,Machine Learning,http://example.org/academic#Workshop,dac,2022
http://example.org/academic#Paper_67514,Machine Learning,http://example.org/academic#Workshop,dac,2022
http://example.org/academic#Paper_70935,Machine Learning,http://example.org/academic#Workshop,dac,2022
http://example.org/academic#Paper_90433,Machine Learning,http://example.org/academic#Workshop,dac,2022
http://example.org/academic#Paper_80727,Machine Learning,http://example.org/academic#Workshop,dac,2022
http://example.org/academic#Paper_89861,Machine Learning,http://example.org/academic#Workshop,dac,2022
http://example.org/academic#Paper_75131,Machine Learning,http://example.org/academic#Workshop,dac,2022
http://example.org/academic#Paper_79096,Machine Learning,http://example.org/academic#Workshop,dac,2022
http://example.org/academic#Paper_82387,Machine Learning,http://example.org/academic#Workshop,dac,2022
http://example.org/academic#Paper_76111,Graph Neural Networks,http://example.org/academic#Workshop,dac,2022
http://example.org/academic#Paper_90290,Graph Neural Networks,http://example.org/academic#Workshop,dac,2022
http://example.org/academic#Paper_89257,Graph Neural Networks,http://example.org/academic#Workshop,dac,2022
http://example.org/academic#Paper_81305,Graph Neural Networks,http://example.org/academic#Workshop,dac,2022
http://example.org/academic#Paper_78083,Graph Neural Networks,http://example.org/academic#Workshop,dac,2022
http://example.org/academic#Paper_86669,Graph Neural Networks,http://example.org/academic#Workshop,dac,2022
http://example.org/academic#Paper_70310,Graph Neural Networks,http://example.org/academic#Workshop,dac,2022
http://example.org/academic#Paper_87685,Graph Neural Networks,http://example.org/academic#Workshop,dac,2022
http://example.org/academic#Paper_84164,Graph Neural Networks,http://example.org/academic#Workshop,dac,2022
http://example.org/academic#Paper_71817,Graph Neural Networks,http://example.org/academic#Workshop,dac,2022
http://example.org/academic#Paper_72423,Graph Neural Networks,http://example.org/academic#Workshop,dac,2022
http://example.org/academic#Paper_74007,Graph Neural Networks,http://example.org/academic#Workshop,dac,2022
http://example.org/academic#Paper_88837,Graph Neural Networks,http://example.org/academic#Workshop,dac,2022
http://example.org/academic#Paper_82841,Machine Learning,http://example.org/academic#Workshop,dac,2021
http://example.org/academic#Paper_87472,Machine Learning,http://example.org/academic#Workshop,dac,2021
http://example.org/academic#Paper_70060,Machine Learning,http://example.org/academic#Workshop,dac,2021
http://example.org/academic#Paper_77834,Machine Learning,http://example.org/academic#Workshop,dac,2021
http://example.org/academic#Paper_76183,Machine Learning,http://example.org/academic#Workshop,dac,2021
http://example.org/academic#Paper_70443,Machine Learning,http://example.org/academic#Workshop,dac,2021
http://example.org/academic#Paper_85535,Machine Learning,http://example.org/academic#Workshop,dac,2021
http://example.org/academic#Paper_75301,Machine Learning,http://example.org/academic#Workshop,dac,2021
http://example.org/academic#Paper_70517,Machine Learning,http://example.org/academic#Workshop,dac,2021
http://example.org/academic#Paper_83248,Machine Learning,http://example.org/academic#Workshop,dac,2021
http://example.org/academic#Paper_86411,Machine Learning,http://example.org/academic#Workshop,dac,2021
http://example.org/academic#Paper_72370,Graph Neural Networks,http://example.org/academic#Workshop,dac,2021
http://example.org/academic#Paper_85463,Graph Neural Networks,http://example.org/academic#Workshop,dac,2021
http://example.org/academic#Paper_80394,Graph Neural Networks,http://example.org/academic#Workshop,dac,2021
http://example.org/academic#Paper_89831,Graph Neural Networks,http://example.org/academic#Workshop,dac,2021
http://example.org/academic#Paper_84521,Graph Neural Networks,http://example.org/academic#Workshop,dac,2021
http://example.org/academic#Paper_86867,Graph Neural Networks,http://example.org/academic#Workshop,dac,2021
http://example.org/academic#Paper_67702,Graph Neural Networks,http://example.org/academic#Workshop,dac,2021
http://example.org/academic#Paper_68153,Graph Neural Networks,http://example.org/academic#Workshop,dac,2021
http://example.org/academic#Paper_76365,Graph Neural Networks,http://example.org/academic#Workshop,dac,2021
http://example.org/academic#Paper_78112,Graph Neural Networks,http://example.org/academic#Workshop,dac,2021
http://example.org/academic#Paper_88414,Graph Neural Networks,http://example.org/academic#Workshop,dac,2021
http://example.org/academic#Paper_89645,Graph Neural Networks,http://example.org/academic#Workshop,dac,2021
http://example.org/academic#Paper_85765,Graph Neural Networks,http://example.org/academic#Workshop,dac,2021
http://example.org/academic#Paper_79194,Graph Neural Networks,http://example.org/academic#Workshop,dac,2021
http://example.org/academic#Paper_91647,Machine Learning,http://example.org/academic#Conference,igarss,2020
http://example.org/academic#Paper_77125,Machine Learning,http://example.org/academic#Workshop,dac,2020
http://example.org/academic#Paper_86045,Machine Learning,http://example.org/academic#Workshop,dac,2020
http://example.org/academic#Paper_76934,Machine Learning,http://example.org/academic#Workshop,dac,2020
http://example.org/academic#Paper_70556,Machine Learning,http://example.org/academic#Workshop,dac,2020
http://example.org/academic#Paper_68103,Machine Learning,http://example.org/academic#Workshop,dac,2020
http://example.org/academic#Paper_90844,Machine Learning,http://example.org/academic#Workshop,dac,2020
http://example.org/academic#Paper_68858,Machine Learning,http://example.org/academic#Workshop,dac,2020
http://example.org/academic#Paper_79366,Machine Learning,http://example.org/academic#Workshop,dac,2020
http://example.org/academic#Paper_72147,Machine Learning,http://example.org/academic#Workshop,dac,2020
http://example.org/academic#Paper_84218,Machine Learning,http://example.org/academic#Workshop,dac,2020
http://example.org/academic#Paper_90910,Machine Learning,http://example.org/academic#Workshop,dac,2020
http://example.org/academic#Paper_75121,Graph Neural Networks,http://example.org/academic#Workshop,dac,2020
http://example.org/academic#Paper_87391,Graph Neural Networks,http://example.org/academic#Workshop,dac,2020
http://example.org/academic#Paper_88066,Graph Neural Networks,http://example.org/academic#Workshop,dac,2020
http://example.org/academic#Paper_86045,Graph Neural Networks,http://example.org/academic#Workshop,dac,2020
http://example.org/academic#Paper_89851,Graph Neural Networks,http://example.org/academic#Workshop,dac,2020
http://example.org/academic#Paper_76934,Graph Neural Networks,http://example.org/academic#Workshop,dac,2020
http://example.org/academic#Paper_80948,Graph Neural Networks,http://example.org/academic#Workshop,dac,2020
http://example.org/academic#Paper_76646,Graph Neural Networks,http://example.org/academic#Workshop,dac,2020
http://example.org/academic#Paper_78750,Graph Neural Networks,http://example.org/academic#Workshop,dac,2020
http://example.org/academic#Paper_69789,Graph Neural Networks,http://example.org/academic#Workshop,dac,2020
http://example.org/academic#Paper_87959,Graph Neural Networks,http://example.org/academic#Workshop,dac,2020
http://example.org/academic#Paper_70952,Graph Neural Networks,http://example.org/academic#Workshop,dac,2020
http://example.org/academic#Paper_80056,Graph Neural Networks,http://example.org/academic#Workshop,dac,2020
http://example.org/academic#Paper_87600,Graph Neural Networks,http://example.org/academic#Workshop,dac,2020
http://example.org/academic#Paper_81480,Graph Neural Networks,http://example.org/academic#Workshop,dac,2020
http://example.org/academic#Paper_73557,Graph Neural Networks,http://example.org/academic#Workshop,dac,2020
http://example.org/academic#Paper_87258,Graph Neural Networks,http://example.org/academic#Workshop,dac,2020
http://example.org/academic#Paper_81846,Graph Neural Networks,http://example.org/academic#Workshop,dac,2020
